B000E1D7RS,18
B008I1XLDQ,17
B000FEH8ME,15
B0015KAYN2,13
B002IEVJRY,12
B0051COPFI,12
B007TGDXMU,11
B005K4Q1YA,11
B0031JK95S,11
B003XV8XK2,11
B001D05RWC,11
B0029XDZIK,11
B0051SU0OW,10
B00DS842HS,10
B002HQCWYM,10
B004779XSM,10
B00934WBRO,9
B001LG945O,9
B0034EDLS2,9
B001FA1SSM,9
B000NMJWZO,9
B00C7MGHVA,9
B000E1HUVC,9
B002DM62BY,9
B000GFYRHG,9
B007Y59HVM,9
B001CHFUDC,9
B0010YA02S,8
B0030VBPN2,8
B001H3201Q,8
B000F4DKAI,8
B005HG9ERW,7
B003TBRF1O,7
B001D0GV4K,7
B000CN7BMA,7
B004U49QU2,7
B002RBRY0Y,7
B002NHSQ6I,7
B001LGGH40,7
B007TGDXNO,7
B000LKXRNQ,7
B001HTJ2BQ,7
B000E1FZHS,7
B003YVRX5W,7
B009AH7OU8,7
B0096RP84Q,7
B001OCKIBY,7
B001OCKIP0,7
B003D4F18G,7
B000EVG8FQ,7
B005IW4WEA,7
B000ENUC3S,7
B004538TME,6
B0026ZYZ7Q,6
B004391DK0,6
B0041CIP3M,6
B001JU81ZG,6
B0035N3ADS,6
B004YV80O4,6
B000G82L62,6
B000VK3ZGA,6
B0025UK92C,6
B00DBSG6V0,6
B000CQ01NS,6
B00CIVY3CA,6
B005C3IVN8,6
B000CQ01GU,6
B0030VBQOK,6
B004E4CCSQ,6
B000CQBZOW,6
B0027Z5J6G,6
B001EO5Q64,6
B000LQORDE,6
B001EQ55RW,6
B0001EQN88,6
B001E5E2RC,6
B004TPKAN4,6
B000F3V880,6
B0014WYXQK,5
B000H11C6I,5
B001LGGH54,5
B001EYUE5C,5
B0006ZN538,5
B002TMV3GC,5
B0002PSOJW,5
B00382UXU4,5
B004E4EBMG,5
B003DIIMLK,5
B000E123IC,5
B003NUYBV8,5
B000UUWECC,5
B001E5E0Y2,5
B003YBH398,5
B0046GZM8O,5
B004BKLHOS,5
B0004MTMD0,5
B004DIR3TQ,5
B001E5E1MI,5
B004FEN3GK,5
B0029AG878,5
B001E4Q5GO,5
B001EQ5JLE,5
B000HDK0DC,5
B004JRO1S2,5
B004MO6NI8,5
B001EO5Y8Y,5
B004R8J8E0,5
B004T3QMD8,5
B0051WV5K6,5
B008VQ1RE8,5
B005XVZKGA,5
B006BXUVPY,5
B001942GAI,5
B006BXUZVO,5
B006J4MAHW,5
B007M832Y4,5
B007M8FRV0,5
B000V17MLS,5
B001D0IZBM,5
B007OSBE1U,5
B008GZ1A7I,5
B000WV153I,5
B0094ISOMA,5
B00BJH59ZO,5
B001RVFDOO,5
B000LKU1LW,4
B0041NYV8E,4
B001E5DZRU,4
B001AHFVHO,4
B000F6SNPS,4
B0013TJB7K,4
B0000DID5R,4
B00474OR8G,4
B000LTM29M,4
B004FEN3GA,4
B0013L0C6W,4
B00451SGZ6,4
B0005XOVY8,4
B00271OPVU,4
B000VK4DXO,4
B00014CZP8,4
B000SDIO3E,4
B00014JNI0,4
B000G6MBVE,4
B0012C55DW,4
B001XSMANI,4
B000EDDS6Q,4
B002C58RME,4
B0013Z1R1W,4
B0030VBQGS,4
B0012C55EG,4
B0045Z4JAI,4
B0045Z6K50,4
B004LA1LKI,4
B0040K41MY,4
B000CQE3HS,4
B001SIRR90,4
B000KJVIOI,4
B001EO6ESS,4
B001U89IU4,4
B000EVOQNC,4
B000EVOSE4,4
B0029JG29S,4
B002YR97BU,4
B001OCBT5S,4
B000F3Q0QK,4
B000R71WMQ,4
B00021639Y,4
B001P22K5U,4
B001P1YWWK,4
B001H0FI22,4
B000ILA5RO,4
B000HQL2JA,4
B004JGQ15Y,4
B001E0HT2W,4
B0033HPPIY,4
B000FIXT2I,4
B004M62D5S,4
B004OLIL6Q,4
B004TJF39Q,4
B004U43ZO0,4
B004VLSVL4,4
B004VLV6ES,4
B004VLVI1O,4
B002TMV3CG,4
B003OGKCDC,4
B0052Z92WA,4
B005CT9OYM,4
B005HGAVD8,4
B000V79VSY,4
B005K4Q1T0,4
B005V9YXTO,4
B005VBBRW8,4
B005VOOKMY,4
B005VUILWI,4
B005Y10X9S,4
B005Y110NQ,4
B006BXUY2Y,4
B007CFMTN2,4
B007N04AF6,4
B007OSBFY6,4
B007PA34DI,4
B0084I1ZYU,4
B00856TSCC,4
B008ASM610,4
B003XDH6M6,4
B001O1Q0NA,4
B008YDVYKK,4
B00934S39E,4
B000ZSZ5S4,4
B009WPKGQC,4
B00BDFNRG0,4
B00CTLALGQ,4
B00DBSG2HS,4
B000M56BS8,4
B00DBSGJ9O,4
B0014EOU1G,4
B00E6OIXM8,4
B00EPTYHGA,4
B00H49IYD0,4
B0026KJQ0W,3
B0006ZN4XE,3
B002OFOK50,3
B000LKV2KQ,3
B0007KNXGQ,3
B002H0627G,3
B0007LXU0Y,3
B000G2UUOS,3
B0012C2GFM,3
B000XEV9YE,3
B001EO616S,3
B000G7P50M,3
B001LFABO8,3
B002AR14WO,3
B0012HP1CC,3
B000UXUKHA,3
B002RBTV78,3
B0009F3QKW,3
B001FSK1GY,3
B000J4IDO2,3
B001LG940E,3
B000LWCR26,3
B003YUW7EK,3
B0036Z3ULM,3
B003Z6ZGZU,3
B003ZFG7E0,3
B0040PWYVO,3
B0040PX5HQ,3
B0033HPPIO,3
B0044547OM,3
B0032RPLSY,3
B003GTR8IO,3
B0046HJN5G,3
B00472QKGU,3
B004770O08,3
B004BKHX1Y,3
B003H5DMV4,3
B004CYLW7A,3
B003IHO8LE,3
B004DP0DGO,3
B0039QW2EE,3
B003JA5KBW,3
B004GWRP1A,3
B004H6MV28,3
B004JLQ6UE,3
B004JRKEH4,3
B003LPKEPC,3
B004K04L1K,3
B004M0Y8T8,3
B000ED7M2W,3
B003LTOBAC,3
B00153C4B4,3
B004Q9QIPM,3
B004R8FKO2,3
B0039QS496,3
B003OB2DSE,3
B004T80BYE,3
B00110FINM,3
B002YJCA30,3
B004TPUT9Y,3
B0000DJDJZ,3
B002WW3C0Y,3
B004VLSV7I,3
B001EQ51NA,3
B0013E7C0S,3
B004VLVBVG,3
B000MIAOV0,3
B004VLVN6Y,3
B004VLVN7S,3
B004VLVO7W,3
B002TXT502,3
B000FA38ZY,3
B000BIZT3E,3
B001EO6654,3
B000FAIRCI,3
B005A1LINC,3
B000MDCDJ6,3
B0024YDXTK,3
B001EYUE5M,3
B000FDDESM,3
B001PICXX8,3
B005K0L2U2,3
B000KHMWQS,3
B001BM62T4,3
B005M1EKHQ,3
B005OVPKCI,3
B000CQ020U,3
B001EPQN7E,3
B001KTA03C,3
B003QDRJXY,3
B000EDG430,3
B005W14TWC,3
B005XB67F8,3
B003SBPZB2,3
B000CQBZQA,3
B000FDOSN2,3
B005ZBZLT4,3
B0060JMVM0,3
B0061IUKDM,3
B00634YDEQ,3
B00395DVQS,3
B001EQ5EJQ,3
B006BXUYN8,3
B003TN6ZN6,3
B006C1GWXK,3
B006G7WBY4,3
B003V8QGAG,3
B006N3I3Q6,3
B007B9WAH4,3
B0010UOGWM,3
B007FK3CVM,3
B007HQFSMU,3
B007JFXWRC,3
B007JFXXJY,3
B003VYDE00,3
B003WO0I6C,3
B002ESMHOI,3
B003XB3NNE,3
B007OSBEVA,3
B001KUWFPC,3
B000FFLHSY,3
B007POA0Z4,3
B0028LGNSM,3
B000E6LBXK,3
B007TGO1TY,3
B002HQKLOU,3
B0080SRA16,3
B002GWFA64,3
B0084ZZ5PI,3
B0017U08M2,3
B00886PPFS,3
B0089S7U5S,3
B002SIDKPE,3
B000EDROXO,3
B008I1WVAU,3
B000E148MG,3
B008IY5EFQ,3
B008JA73RG,3
B008OUN6KY,3
B008TKL6GA,3
B005VOOOM0,3
B008YDVXM4,3
B0017U7TFG,3
B008YUL4CQ,3
B0091146V8,3
B00934S33A,3
B001E0SXCM,3
B002GWFAM8,3
B0038NA3X0,3
B000ZSX4GE,3
B000EY5COG,3
B009M515D0,3
B009M515DA,3
B009M515GW,3
B009M515HG,3
B009M515HQ,3
B009M516HA,3
B009M516HU,3
B009M516NE,3
B009P2IUZQ,3
B000FL08B0,3
B00AAVK8R4,3
B00AHRDVFM,3
B00AMCHGW6,3
B00AQIT90S,3
B00AV5JCDU,3
B00AZ8FLNS,3
B00B9AAI9S,3
B000E1DSPE,3
B00BDFNTNQ,3
B003FDC2I2,3
B00BPNRIR4,3
B00C1CLQG2,3
B00C1CLQGC,3
B00C1W77W4,3
B0009XQTA8,3
B00284TNL8,3
B000CQBZQK,3
B00D8YLISS,3
B001E95KLK,3
B0005ZV770,3
B001M0AKWA,3
B000F4DK9O,3
B00DSQZNEG,3
B00DUQDIFA,3
B001SB8AZC,3
B00EDHW7F2,3
B00EOVWO00,3
B0025UJVGM,3
B00FPGL6S4,3
B001M0AK5M,3
B00HKGB9ZW,3
B0012C0X3O,2
B001W6RGQC,2
B001EO7JGO,2
B0012XEJYC,2
B001ONVOFC,2
B001GQ220I,2
B000EMD1UU,2
B001VNEA9M,2
B00132RPN4,2
B000LKX6RS,2
B00133071A,2
B000EMOCDA,2
B000LKXCD6,2
B001E5305C,2
B000LKXFBK,2
B000EOXQRG,2
B000LKXFMO,2
B000LKXFTC,2
B000EQT77M,2
B000EQT7PO,2
B000EQTBKA,2
B001P1YOGE,2
B000LKXGKU,2
B001LQNUPO,2
B001E55ZQO,2
B000LKZ84C,2
B000LKZ84W,2
B000EUJK2K,2
B000LKZ9JG,2
B000EVLS2E,2
B001P22GHC,2
B0013TJB7A,2
B000EVMNO6,2
B0013TO51W,2
B00142E52C,2
B000LO40AG,2
B0014CAKM6,2
B000LQNK6E,2
B000EVQ2Q6,2
B000LQTTVY,2
B000EVT042,2
B000LRFVHE,2
B001P7370C,2
B000M1HQFY,2
B000M7QSC0,2
B001EQ4GKE,2
B001WRHQRA,2
B000MBM1JA,2
B001E5DZTS,2
B0014EOV9W,2
B001VNEICQ,2
B001H0FHXW,2
B001LQXUJK,2
B001E5E0D8,2
B001EQ4QHW,2
B000F3WDT8,2
B001EQ4SHK,2
B000F4DKAS,2
B001XUIGG6,2
B000F4ETUS,2
B0014M1VR4,2
B000O9WEY2,2
B000F4IREM,2
B001E5E0YW,2
B0028GY9J2,2
B0028VAQSU,2
B002915VF2,2
B0029J6HU2,2
B0029J6QLM,2
B0029XLH4Y,2
B002ACU9XY,2
B002AQL00G,2
B002AQP5MK,2
B002AR0QO6,2
B002AUF0Q2,2
B002BCD2OG,2
B002C4U0MU,2
B002D4DY8G,2
B002DHNJE2,2
B002DVNM7W,2
B002GWFAEG,2
B002GWH6MA,2
B002HFPW6I,2
B002HG9R1I,2
B002IYDXXC,2
B002LL7OXM,2
B002MO765O,2
B002MRNULA,2
B002MRYEBA,2
B002O1IEII,2
B002P9AWNE,2
B002PNW4Y0,2
B002R38ZQO,2
B002RBTVGY,2
B002RD5I78,2
B002RGU2G2,2
B002RNYAHM,2
B002TMV34E,2
B002TMV38A,2
B00004S1C5,2
B00006IUTN,2
B0014ZACOE,2
B002TXT50W,2
B002UMD9KO,2
B002W002SG,2
B001534QYW,2
B002YJC90O,2
B0000DD8V3,2
B002YLGA0W,2
B002YLI9E2,2
B002YR7B7C,2
B001EQ4Z96,2
B002YRBALU,2
B002ZOCEVC,2
B002ZOCEX0,2
B002ZOG29C,2
B002ZOG2K6,2
B000ORXYYS,2
B0015MGC1I,2
B001PB801Y,2
B00317EA5K,2
B000FA8SH2,2
B0032JKWGI,2
B0000V8IOE,2
B0032ZB03G,2
B00333GF82,2
B00338DPF8,2
B00338DPRG,2
B00338DSQ4,2
B0033GMSTY,2
B0000W0GQQ,2
B00014EO2A,2
B0033P2RN2,2
B00346J90Y,2
B000P54HZY,2
B0025ULK66,2
B0035N3B7I,2
B00362JC8A,2
B001M09AZS,2
B00370957E,2
B00370ESNU,2
B00374Y7C8,2
B0037YP75E,2
B000PG8KGU,2
B00016LZT8,2
B0039556K2,2
B001650XUK,2
B0039KERRK,2
B0039NMF9E,2
B0039ONBRI,2
B000PIX3AG,2
B0039QS4OQ,2
B00017028M,2
B0039QXWPM,2
B0039QXWWA,2
B003A9S5JG,2
B003CFV3MO,2
B000173IHE,2
B001E5E2BS,2
B00017LF24,2
B003FOA0WG,2
B003G2UPOU,2
B003G4FVMY,2
B000FDDJ1Y,2
B001HTI708,2
B001PILV5E,2
B003IN4ORQ,2
B003J5HRZE,2
B0001CXUHW,2
B003KLSZGW,2
B003KYIWE4,2
B000FDMLVI,2
B0001EJ4CU,2
B003LWOS7A,2
B0016COPU2,2
B0027YUN1S,2
B001M0A8XQ,2
B003OZV4Y4,2
B0001JXBCO,2
B003QKBDX4,2
B000QFRJSA,2
B003T0E1ZS,2
B0001M0ZTI,2
B003THML30,2
B000QV8KNW,2
B003TO9SJS,2
B003TRDWEW,2
B003TRFSG2,2
B001E5E3XU,2
B003V8WO1Q,2
B000FFIEL2,2
B003WNZ6SS,2
B0001W2W62,2
B003WQPGYE,2
B001EQ5GU8,2
B00023T3IA,2
B003XMAG1U,2
B00028Q450,2
B000RI8NWW,2
B003YP3MUS,2
B001E6EE88,2
B003YVPXWM,2
B000FFPXF2,2
B003YVTF30,2
B003YZ3MN0,2
B003Z4F56C,2
B000RYPP5E,2
B000FFRTVI,2
B003ZT61E2,2
B003ZXCEYE,2
B003ZXEBOK,2
B0040DWCXG,2
B001EQ5HRU,2
B0040PUGZ0,2
B0017I753O,2
B0017OESA6,2
B0002YB21A,2
B0041CIR62,2
B0041LN5R4,2
B001E6EJQU,2
B0041QGC0Q,2
B0042IMPTU,2
B0002YGSJQ,2
B0043OU7LG,2
B0043U63PO,2
B0043VW9M4,2
B0043WOANY,2
B001EQ5IPQ,2
B0044CJDTO,2
B0044CPA28,2
B0044MTGHI,2
B0044R1HAM,2
B00451S25U,2
B00032G1S0,2
B000FIZW50,2
B0045E0CCI,2
B0045GX6J2,2
B0045IO2XO,2
B0017U48KK,2
B000FK7PQW,2
B0046GRD0O,2
B001E6GL66,2
B000FKIYEO,2
B000SATGHK,2
B001EQ5JLY,2
B00474VPY0,2
B001EQ5JMS,2
B004772P0U,2
B004772PJQ,2
B001EQ5LT4,2
B00497XVW4,2
B0049D9H4Y,2
B0049J2DCQ,2
B004APYFIO,2
B004APYFKC,2
B004APZYVG,2
B004AWTR6M,2
B001E77LT6,2
B0005ZHOUO,2
B004BXCZ0A,2
B004C9PTCE,2
B004CQYODW,2
B0005ZHPFI,2
B004DFULBG,2
B0005ZX5PM,2
B000TAZPYM,2
B000FXYLQ6,2
B000FYVKQE,2
B004ECR0BM,2
B004EDZ83S,2
B004FEJ968,2
B004FELBH8,2
B001ECVGKG,2
B000TQEWM2,2
B004FGTEM0,2
B004GU3YXU,2
B00061EPZO,2
B00064VQNK,2
B004IRSSHI,2
B004IXYLK0,2
B000TV8NR2,2
B00068PCTU,2
B000U8HXR0,2
B004JRMG98,2
B001ELL3DM,2
B004K00DGC,2
B0006Z7NNG,2
B004K0630M,2
B004L33PAO,2
B000G1CPRO,2
B004LWJFFY,2
B001SJHNKC,2
B001M1EQ60,2
B0007NOWMM,2
B004NCGFIC,2
B004NNHG1Q,2
B0019LPM0C,2
B004OQ257M,2
B004OVWQDA,2
B004P4POZ8,2
B000G6MBTG,2
B004QH1E3K,2
B00099XMX4,2
B00099XNA6,2
B004RBT8KG,2
B00099XNG0,2
B001MURXMK,2
B001ACMCLM,2
B0027YUMRS,2
B000G82L5I,2
B000GAT6MM,2
B0009AFWYK,2
B004U8XT10,2
B004V3INKQ,2
B004V3IO0U,2
B004V3R2BW,2
B004VDLJQQ,2
B004VITI0K,2
B0009F3PMQ,2
B001NC8HS6,2
B001EQ5Q58,2
B004VLV6F2,2
B004VLV7NS,2
B004VLVB34,2
B001NXHY8Y,2
B004VLVCGA,2
B001ELL60W,2
B004VLVIGE,2
B001AY8VV0,2
B0009F3SC8,2
B001ELL86Y,2
B004VLVPKI,2
B004W8LT10,2
B004X2LH9Y,2
B004X8TJOI,2
B004X8W2AG,2
B004YGQPCI,2
B004YV7VE4,2
B004YV7XEC,2
B000GZSDSA,2
B00503DP0O,2
B00271NNLI,2
B0051COQ2K,2
B000GZSDZI,2
B0051SU8BC,2
B000V1JVC6,2
B00522AFRE,2
B0052HXBIO,2
B0052XN0EI,2
B0052XRMJ2,2
B0052Y7VCE,2
B001ET5Y52,2
B0053DLPIA,2
B0054TWQMM,2
B0055IRNAC,2
B0055P0N6Q,2
B005763K40,2
B000GZW5OS,2
B005C3IVME,2
B000GZW8NG,2
B005CT9OEW,2
B000V1O28Y,2
B005CUL7F0,2
B005CULMWI,2
B005FQAJWS,2
B000GZYARS,2
B000V1RBRI,2
B005HGJ3ZK,2
B005HGOIP0,2
B001BM4JLC,2
B005JXHLBY,2
B000BD0SDU,2
B0025UCHRC,2
B000H27NU6,2
B005KK56JU,2
B005LMCD8E,2
B005LRBGEQ,2
B005LTHREW,2
B005LW4NCI,2
B000H7D1HK,2
B005MIWPGC,2
B005OVPK9G,2
B000CEO6WM,2
B005PN6A4W,2
B005R0ZFW6,2
B000CFJDWY,2
B001QZZ1J8,2
B000H7LVKY,2
B001BZ9R3O,2
B005VOOQHS,2
B000CMF1A0,2
B001BZ9SLK,2
B005X4AJ9U,2
B005XB145Q,2
B005XB3U26,2
B001JJYZ1Q,2
B001FA1DXW,2
B000CN7BNE,2
B001CBRMTS,2
B005Y111BW,2
B005Y1L0BS,2
B001CD1VI4,2
B00609QU5O,2
B001CD7AUC,2
B0060KOJOW,2
B0061IUIDY,2
B000CQ01LA,2
B0061IUN3E,2
B0025UCI0I,2
B0064OO886,2
B0065JA1IQ,2
B006BHQU6Y,2
B000CQ25TQ,2
B000CQ26E0,2
B000CQBZPG,2
B000W2DSO6,2
B006BXV14E,2
B006BXV1H6,2
B000WB1YSE,2
B000CRIBCK,2
B006IOKA9S,2
B001FA1KNK,2
B006MONQMC,2
B000HGC988,2
B006N3I5DM,2
B006ODLCGI,2
B006XEGXCG,2
B006XYUS5O,2
B0074NIRLK,2
B0076IRLF6,2
B0076YVPFC,2
B0077T5R9G,2
B00791V0S4,2
B000HKFF94,2
B000DZFMEQ,2
B000HKFFBM,2
B000WR8TK4,2
B007JFMIWW,2
B000DZH19U,2
B000DZKKK2,2
B000E123H8,2
B001UJIFRU,2
B000E130DY,2
B000E158ES,2
B000E1BL5S,2
B000HVX6NK,2
B000E1BLK8,2
B007PKBH2I,2
B007PM9YLC,2
B001ONPMN2,2
B007RGZQBI,2
B007SUTM1S,2
B007TGDXMK,2
B000E1BLOO,2
B000WS3AJ8,2
B000I1RGQC,2
B007U29UYS,2
B000E1FZ28,2
B007ZK9NO2,2
B000I4MKSS,2
B000E3VAOS,2
B001CTYT6E,2
B0085000BG,2
B000E46GFA,2
B000E46LXM,2
B000E48IMO,2
B000ILK9PM,2
B008BLFFAK,2
B008CC8ULY,2
B008ERCK8G,2
B008GVEYES,2
B001CUGD9Y,2
B001CWSK98,2
B001L4JH5I,2
B008IY5DG6,2
B000E4ALJW,2
B000ISZ310,2
B000ITYSVK,2
B008RJMXPQ,2
B000E5GFQE,2
B008VQ1NXS,2
B000IXUK8G,2
B008X6KE0E,2
B008YA1XYA,2
B008YA1ZXO,2
B000E63LEW,2
B000E63LQU,2
B001D0GVAO,2
B000E65OII,2
B00934S312,2
B000YSQA7U,2
B000JIN1H2,2
B000E671XY,2
B000YVOHBI,2
B0094KD9OQ,2
B001V76MFS,2
B0098WV8F2,2
B0099XI58S,2
B009AEK8PO,2
B000Z93FQC,2
B009D5XU3C,2
B001FVNM3A,2
B000JSLYSU,2
B000ZSX4D2,2
B001D6B0SG,2
B0010ON2AK,2
B000K8UL4C,2
B000K8WVYA,2
B000K9CDV0,2
B009M5178S,2
B009MONR3C,2
B009OI09KK,2
B000ED7M3Q,2
B009Q6MLCE,2
B009UQGLGW,2
B000ED7MO0,2
B00A2A88ZW,2
B00A6N18CK,2
B000ED9L6C,2
B00ABKWSTA,2
B000KEPB9Q,2
B000KEPBGO,2
B00APKBFFO,2
B00APKBFK4,2
B00AQIT8XG,2
B001DDH1TG,2
B00113ZZ5U,2
B00AX0CYWE,2
B000EDBQ6A,2
B00AZM3LK4,2
B00B0GGABG,2
B00B324T10,2
B00B5BKG6Q,2
B00B737P98,2
B000EDDSES,2
B00B9FWE4A,2
B00BCXRFHK,2
B000KJRF40,2
B000KNB0OW,2
B00BF3QTFQ,2
B00BFM6OAW,2
B00BIEU5QQ,2
B00BIEU6V0,2
B00BIEU9M6,2
B00117YTBC,2
B00BN1U8RK,2
B00BNR7I18,2
B00BPNRGEE,2
B00BPNRIPQ,2
B00BPNRIQK,2
B00119OL8G,2
B00BPNRK22,2
B00BTWIFV4,2
B001DTKHA0,2
B000EDI2VM,2
B000EDK5LM,2
B00C7JWREE,2
B000KY6IIY,2
B00CATS6NM,2
B0011DL6C6,2
B00CJXJIE0,2
B00CJXK00Q,2
B00CTJ4JHA,2
B000EDK7RE,2
B00CU9WV06,2
B00CVTFT2M,2
B00CVTFT6I,2
B000EDM8FS,2
B000EEWZEG,2
B00DBSG2WI,2
B001G0MFZQ,2
B00DBSG77S,2
B00DBSGJ4E,2
B000EEWZG4,2
B00DDT116M,2
B00DF05TC6,2
B00DGPCC3O,2
B00DILCU92,2
B00DMSHM30,2
B00DRA8IPE,2
B000LKTPCS,2
B001EO6B7C,2
B00DUQDEZY,2
B001G2F5R4,2
B00DUQDIJG,2
B00E3QNFEA,2
B000LKU1VC,2
B001E50THY,2
B00EGXGKHE,2
B00EKLPLU4,2
B00ENTAV4E,2
B000EI2LLO,2
B001G6W0Y6,2
B00ERDFY6G,2
B00F49XAWW,2
B00FB5CUY8,2
B000EITYUU,2
B00FX1QCQC,2
B00GFE611W,2
B00GNU6MFI,2
B000LKV7Q0,2
B00HBBYWNW,2
B00HHFWJS2,2
B000ELWDQY,2
B00I33696K,2
B00IJ4JBJA,2
B000Q5X876,1
B000Q71L28,1
B000Q92QIE,1
B000QF7KK2,1
B000QF90PA,1
B000QFOXTS,1
B000QU3JM0,1
B000R32F6M,1
B000R4LONQ,1
B000RL4UNA,1
B000S16WRQ,1
B000S8593W,1
B000SANR5M,1
B000SANU7C,1
B000SANUB8,1
B000SANUJ0,1
B000SAPX6S,1
B000SARJO2,1
B000SARK0A,1
B000SATIBO,1
B000SATIE6,1
B000SATIZA,1
B000SE6JCG,1
B000SHMQW0,1
B000SJHUFG,1
B000SR10YA,1
B000SWTKV0,1
B000SXXJMK,1
B000TIZP5I,1
B000TOB8QW,1
B000TVFNRK,1
B000U90MNG,1
B000UIAI18,1
B000UP8QQ0,1
B000UVKZXQ,1
B000UVZQ5I,1
B000UW4NFG,1
B000UXDHGQ,1
B000UXFHZK,1
B000UXWQMC,1
B000UXY2EM,1
B000V0H4A8,1
B000V17MJA,1
B000V17ML8,1
B000V1AWBU,1
B000V1D19A,1
B000V1JVAI,1
B000V1JVBC,1
B000V1O28E,1
B000V1O41O,1
B000V6FU0I,1
B000V7710O,1
B000V7MCBC,1
B000V9CLH0,1
B000V9EIKI,1
B000V9WSLY,1
B000VDNXVO,1
B000VHFFO8,1
B000VIFCYU,1
B000VJM4FO,1
B000VJUIN4,1
B000VK4F5A,1
B000VKA680,1
B000VM2QBI,1
B000VOCQQ6,1
B000VVTTPA,1
B000VZSNS0,1
B000VZSYR0,1
B000W7PUMY,1
B000WJRBXS,1
B000WLCHDA,1
B000WR4SB8,1
B000WR4SGI,1
B000WR4SJ0,1
B000WR8TT0,1
B000WR8TXG,1
B000WS039S,1
B000WS1DT2,1
B000WS1KHM,1
B000WS3AMU,1
B000WSK5N2,1
B000WZ4PAY,1
B000X1Q1G8,1
B000XCWWT2,1
B000Y3ZECM,1
B000YBKP50,1
B000YHNQSC,1
B000YPIL2K,1
B000YSQ9GC,1
B000YUOY30,1
B000YV7WBU,1
B000YVGMZW,1
B000Z3VUEC,1
B000ZK5NV6,1
B0010BQB6A,1
B00113J9C0,1
B00113OZQK,1
B00119OLSQ,1
B0011CX2M4,1
B0011UBD2M,1
B0011X5S8Y,1
B0011XKHY4,1
B00122729M,1
B0012273XC,1
B00122CM60,1
B00122E5SS,1
B0012690UC,1
B0012AOIY6,1
B0012BS9F4,1
B0012BSMHY,1
B0012HCR9C,1
B0012N9O60,1
B0012XKO00,1
B0012YEKCM,1
B0012ZX18A,1
B0013A1WGC,1
B0013L96EQ,1
B0013LVMKW,1
B0013NBM5A,1
B0013NHT48,1
B0013NWM7C,1
B0013OVWPE,1
B00149FT0M,1
B0014DZGUQ,1
B0014EOU2U,1
B0014EOU48,1
B0014EOU9S,1
B0014EOUBQ,1
B0014EOUFC,1
B0014EQG2C,1
B0014EQHK8,1
B0014EQI4I,1
B0014EQIFM,1
B0014ET0OI,1
B0014ET1S8,1
B0014EW4C8,1
B0014EW4NC,1
B0014GUBY4,1
B0014GZDH4,1
B0014H6SB8,1
B0014UH7J2,1
B00158Q2OY,1
B0015IMYIM,1
B0015Q94NM,1
B0015QSYKG,1
B0015RBYT8,1
B0015V7E48,1
B0015V8EOW,1
B0015Z20RU,1
B00161FSZY,1
B001652KD8,1
B0016AZH4M,1
B0016B9FSU,1
B0016BPX7W,1
B0016BS3BK,1
B0016BU7GO,1
B0016CP48E,1
B0016J7SYU,1
B0016JJEFG,1
B0016JKXGU,1
B0016LL5DS,1
B0016MN9G8,1
B0016RO0F2,1
B0017DGR1U,1
B0017U08PO,1
B0017U08SQ,1
B0017U9VIO,1
B00186Z0GY,1
B0018Q2N3C,1
B0018QI8L8,1
B0018QLG9Y,1
B0019415ZU,1
B00196498I,1
B00196P9OQ,1
B00196P9PA,1
B00196WXNG,1
B001979YNW,1
B0019FEOJI,1
B0019FOZC4,1
B0019GVYR2,1
B0019GYLKE,1
B001A1PYHW,1
B001A1VIUO,1
B001ACMCNA,1
B001ACMCNU,1
B001ACNWUC,1
B001ACNWY8,1
B001AY8570,1
B001BBYC42,1
B001BCSU08,1
B001BCVLG8,1
B001BM368E,1
B001BM395E,1
B001BM6IDY,1
B001BNN12E,1
B001BO8S76,1
B001BOE3UW,1
B001BU0JEK,1
B001C316QG,1
B001CAR2QM,1
B001CBCJGE,1
B001CCS80Y,1
B001CFMGGI,1
B001CGRNM4,1
B001CGTN1I,1
B001CGTN3G,1
B001CH4LU0,1
B001CHDH5K,1
B001CHFSUW,1
B001CHFSX4,1
B001CHJ03I,1
B001CHK56Y,1
B001COE1AI,1
B001COE1AS,1
B001COJ85G,1
B001CX1D5U,1
B001CZHAPU,1
B001D0676C,1
B001D0IZ4O,1
B001D3K2GA,1
B001D3K34Q,1
B001D3NXKM,1
B001DCEFSC,1
B001DTMIIO,1
B001E0QE1Y,1
B001E4S6TI,1
B001E4S7WE,1
B001E4S8C8,1
B001E4T9IU,1
B001E50TJC,1
B001E50UBE,1
B001E50UC8,1
B001E50UEQ,1
B001E50XBQ,1
B001E52XIC,1
B001E53020,1
B001E530J8,1
B001E53WBE,1
B001E55Z46,1
B001E5DRC8,1
B001E5DRPA,1
B001E5DWZU,1
B001E5DXEU,1
B001E5DYSU,1
B001E5DZIE,1
B001E5DZLG,1
B001E5DZXO,1
B001E5DZYS,1
B001E5E08I,1
B001E5E0AG,1
B001E5E0HO,1
B001E5E0II,1
B001E5E0SI,1
B001E5E0TW,1
B001E5E0W4,1
B001E5E0Z6,1
B001E5E1I2,1
B001E5E1KA,1
B001E5E1L4,1
B001E5E1QE,1
B001E5E20E,1
B001E5E21S,1
B001E5E2AO,1
B001E5E2B8,1
B001E5E2ZO,1
B001E5E33U,1
B001E5E38A,1
B001E5E3FS,1
B001E5E3JY,1
B001E5E3LW,1
B001E5E3QC,1
B001E660IA,1
B001E6EE92,1
B001E6EJTW,1
B001E6GLPW,1
B001E6K6B2,1
B001E6K6GW,1
B001E6KBJ4,1
B001E96JZ6,1
B001ECQBR4,1
B001EDAHZK,1
B001ELL288,1
B001ELL3MI,1
B001ELL4E0,1
B001ELL4F4,1
B001ELL4FY,1
B001ELL4WC,1
B001ELL4X6,1
B001ELL4ZY,1
B001ELL5EO,1
B001ELL67A,1
B001ELL8E6,1
B001ELLAVC,1
B001ELLAW6,1
B001ELLC9C,1
B001EO5JUC,1
B001EO5KZQ,1
B001EO5OKC,1
B001EO5QP0,1
B001EO5QV4,1
B001EO5RF4,1
B001EO5RGS,1
B001EO5RZY,1
B001EO5SBW,1
B001EO5TRK,1
B001EO5U3I,1
B001EO5U42,1
B001EO5UVK,1
B001EO5WJA,1
B001EO5X5S,1
B001EO5XW6,1
B001EO5XYY,1
B001EO5Z74,1
B001EO5ZHO,1
B001EO607I,1
B001EO6172,1
B001EO617M,1
B001EO617W,1
B001EO64ZQ,1
B001EO65D2,1
B001EO682A,1
B001EO68NE,1
B001EO6CPI,1
B001EO6E06,1
B001EO772A,1
B001EO7ITM,1
B001EO7J8W,1
B001EPPBCM,1
B001EPQ10S,1
B001EPQ3EM,1
B001EPQMFM,1
B001EPQQL2,1
B001EPQRGG,1
B001EPQVFS,1
B001EQ4ABO,1
B001EQ4ATQ,1
B001EQ4D84,1
B001EQ4HEE,1
B001EQ4HFI,1
B001EQ4IKW,1
B001EQ4JD8,1
B001EQ4P00,1
B001EQ4PS2,1
B001EQ4RWQ,1
B001EQ4W1C,1
B001EQ5428,1
B001EQ54GO,1
B001EQ54IM,1
B001EQ55PE,1
B001EQ55TU,1
B001EQ55YU,1
B001EQ582E,1
B001EQ5AVI,1
B001EQ5BQW,1
B001EQ5D6U,1
B001EQ5DO2,1
B001EQ5FO0,1
B001EQ5NHE,1
B001EQ5NJM,1
B001EQ5NL0,1
B001EQ5NLU,1
B001EQ5NMY,1
B001EQ5OSM,1
B001EQ5OU0,1
B001EQ5OVY,1
B001EQ5PKE,1
B001EQ5Q3U,1
B001EQ5QW6,1
B001ESHOA6,1
B001ET5Y4I,1
B001ET63Z2,1
B001EYUE2A,1
B001F0RJA8,1
B001F1SAPA,1
B001F3J868,1
B001FA1DYG,1
B001FA1DZK,1
B001FA1EDG,1
B001FA1K2G,1
B001FA1KO4,1
B001FA1KU8,1
B001FA1L5W,1
B001FA1LL6,1
B001FA1LW0,1
B001FA1S5U,1
B001FB6B9C,1
B001FFEU1E,1
B001FSISXC,1
B001FSK3S0,1
B001FVLLK6,1
B001FVNM4Y,1
B001G0MG00,1
B001G8UC8K,1
B001GCVLX6,1
B001GE8N4Y,1
B001GQ3E28,1
B001GQ3E2I,1
B001GQ3E3C,1
B001GQ9YJ0,1
B001GVIR9S,1
B001GVIRCU,1
B001GVIRD4,1
B001GVIS4M,1
B001GVISJM,1
B001GVISJW,1
B001GVIT6E,1
B001H0FHZA,1
B001H828EK,1
B001H8R00M,1
B001HTC17S,1
B001HTE5GS,1
B001HTG6E2,1
B001HTGAQQ,1
B001HTI1L8,1
B001HTIUDC,1
B001HWWL6Q,1
B001HXJG8G,1
B001HXJGKO,1
B001I8DP5U,1
B001I8EVZI,1
B001IA3RV0,1
B001IH8ERA,1
B001IMUHCU,1
B001IZBE2Y,1
B001IZBIRA,1
B001IZGA32,1
B001IZHSWO,1
B001IZICO2,1
B001IZIEGS,1
B001IZM81A,1
B001IZM92S,1
B001J5SW5U,1
B001J9QBU4,1
B001JJXDSC,1
B001JTFRF4,1
B001KJ7FOY,1
B001KUUNP6,1
B001KWXK36,1
B001KYBRO8,1
B001KZ1AE4,1
B001L0JYLY,1
B001L1AT62,1
B001L48ZD8,1
B001LG943G,1
B001LN4IZS,1
B001LO1A0S,1
B001LO1BF2,1
B001LO4ZJG,1
B001LQNUTA,1
B001LQNXOC,1
B001LQRATG,1
B001LQRC3K,1
B001LQRCH6,1
B001LQRKC8,1
B001LQTDXM,1
B001LQWO8I,1
B001M073X4,1
B001M074ME,1
B001M074OW,1
B001M08X3S,1
B001M09BQQ,1
B001M09BUW,1
B001M0A5XY,1
B001M0A6C4,1
B001M0AL0G,1
B001M0ALHO,1
B001M0FW28,1
B001M0G1XW,1
B001M1V5P0,1
B001NC8HQS,1
B001NZTL0G,1
B001O0BL9E,1
B001O1VDXM,1
B001O2DGMC,1
B001O4EKJI,1
B001O8MPCI,1
B001OCBT3U,1
B001OI5VTW,1
B001ONPN22,1
B001ONTM3I,1
B001ONVOC0,1
B001ONVON4,1
B001P74NXM,1
B001P76I8A,1
B001PAS5GK,1
B001PATNEI,1
B001PB2ZP6,1
B001PEWJWC,1
B001PF1846,1
B001PICX42,1
B001PO1V2Q,1
B001PO7FIU,1
B001PQMJCA,1
B001PQMJIY,1
B001PQOAOA,1
B001PQOAP4,1
B001PQRENO,1
B001QOQIKK,1
B001QXZ0UA,1
B001QY03TC,1
B001R300WM,1
B001R3VEY0,1
B001R5EF6C,1
B001RBGELA,1
B001RIXSNK,1
B001RJ1FAW,1
B001RMB4WI,1
B001RQEMWI,1
B001SAMKCW,1
B001SAOO2Q,1
B001SAWE5U,1
B001SAX5CQ,1
B001SB03SO,1
B001SB06R2,1
B001SB0DN4,1
B001SB3FO8,1
B001SIRX7G,1
B001T48OW2,1
B001T8MDFW,1
B001THRQN2,1
B001TNW23U,1
B001TNXSZG,1
B001TZJ3OE,1
B001TZMCD8,1
B001UQ2SH6,1
B001VE26I8,1
B001VNEAG0,1
B001VNECT0,1
B001VNGG58,1
B001VNGJCI,1
B001VNGLA8,1
B001VNGMPM,1
B001VNGO7S,1
B001VNKT0Q,1
B001VNKW76,1
B001VNKWO4,1
B001VNKZQY,1
B001VNO2HC,1
B001VNO3B2,1
B001VNP0U0,1
B001VNP7L2,1
B001VXUAP0,1
B001XWRGS8,1
B001YJDPIK,1
B001YXNZ5O,1
B001Z2O0T4,1
B001Z2TTMM,1
B00206RYT2,1
B00207871A,1
B002133Z56,1
B002135CX4,1
B002147OIO,1
B0021491QM,1
B00238ZZDO,1
B0023V65GW,1
B002483TSQ,1
B00248EA8Y,1
B00250M2ZY,1
B00250UD1Y,1
B00250UDYQ,1
B0025U9YFK,1
B0025U9ZTU,1
B0025UAJMW,1
B0025UCHT0,1
B0025UOMUC,1
B0025VR80C,1
B002636KQC,1
B00269FEIG,1
B00269T9JQ,1
B00269VK20,1
B0026JLHOQ,1
B0026KJPYE,1
B0026PCGEK,1
B0026VPVK0,1
B00275EWFU,1
B00275EWH8,1
B00275EWI2,1
B00275OCO6,1
B0027EFINQ,1
B0027YVUOM,1
B0027YVUWO,1
B0027YVV8M,1
B0027YZBJC,1
B00282UD0K,1
B00282W8F8,1
B00282YCMA,1
B00284QDC0,1
616719923X,1
B00284TR82,1
B00284TTG2,1
B00286361O,1
B002863BIW,1
B0028667PG,1
B002866FSU,1
B002866G84,1
B00286KM2A,1
B00286KM8E,1
B00286M6TW,1
B0000CFLIL,1
B0000CNU1S,1
B0028PDFQG,1
B0000DBN1L,1
B0028VAS8S,1
B0028VZEJQ,1
B002912506,1
B0000DBN2I,1
B00295IGHS,1
B0000DHYNJ,1
B0000E5JIU,1
B0029J6JI2,1
B0000GG25G,1
B0029JASWA,1
B0029JEKAG,1
B0029JES6W,1
B0000GH6UQ,1
B0029JHVYS,1
B0029JLVPI,1
B0029JU5SM,1
B0029JW6TS,1
B0029JXM6O,1
B0029XDZFS,1
B0000GHNSQ,1
B0029XDZKI,1
B0000GHNT0,1
B0029YDR82,1
B0000GHNTU,1
B002AMRNNI,1
B002APWQ0K,1
B002AQ0OL2,1
B002AQ0OS0,1
B002AQ0OW6,1
B002AQJEAO,1
B002AQKYJE,1
B0000GHXSQ,1
B0000V09L4,1
B0001590BY,1
B00015UC4S,1
B002ATCFX4,1
B002ATOUZA,1
B00015YTUQ,1
B002AUF15C,1
B002BB2E5U,1
B002BCD2GO,1
B00016JGZI,1
B002BGHVEY,1
B002BTI9B0,1
B002BWS1OM,1
B002C0E5VG,1
B002C0POH0,1
B00016LA7U,1
B002C54UK2,1
B002C56OIS,1
B00016LA8E,1
B002C98W4S,1
B002CN7F06,1
B00016LA8Y,1
B002DHBT7Q,1
B002DHL9VW,1
B002DHMUEW,1
B002DHMWSG,1
B00016LA9S,1
B002DHSE42,1
B00016RH40,1
B002DOG6VS,1
B002DSQ344,1
B00016UX1E,1
B002DVVP6W,1
B002E0KW1Q,1
B002E0UE8C,1
B002E0UEBE,1
B002EAPHKM,1
B002EAQYD6,1
B002EDEMLY,1
B002EMFTH6,1
B002EMFUQ6,1
B00017L1UA,1
B002ESMVJE,1
B002EY5TTW,1
B002EYBB3A,1
B002F4XTAC,1
B002FBD3J2,1
B002FBUY0I,1
B002FBY3YG,1
B002FJM9SU,1
B002FK0A26,1
B002FYG2N8,1
B002FYJTYW,1
B002G06NEO,1
B002GOYT1O,1
B002GQ3IDC,1
B002GWFA1Y,1
B00017LEXY,1
B00017LEY8,1
B0001AO8DY,1
B002GWFAZK,1
B002GWH472,1
B0001AVTD6,1
B002GWH7ME,1
B002GWH7O2,1
B002GWH7QA,1
B002GWHB66,1
B0001AVTDG,1
B0001CVDZI,1
B0001DMTPU,1
B002HMN6SC,1
B0001DQLWM,1
B002HQE11O,1
B0001FFHCK,1
B002HQLY7S,1
B0001FQVMK,1
B002INDU22,1
B002IYDXW8,1
B0001GDE1K,1
B002JF61XO,1
B002JG5TVS,1
B002JGBC96,1
B002JWZVJW,1
B002KB42GK,1
B002KOTMX0,1
B002L8XJR0,1
B002L9P7BU,1
B0001IOSDQ,1
B002LV6LFY,1
B002M3QZKM,1
B002MFYRDC,1
B0001LQJZI,1
B0001LQKBQ,1
B0001M0YK8,1
B002MTSI2O,1
B002N7OD2O,1
B002NHQW00,1
B0001M10VA,1
B002NKPCZI,1
B002NLY0QE,1
B002NWIQWW,1
B002O19HWU,1
B0001M10ZG,1
B002O58YH0,1
B002O5QWD8,1
B0001SVZGE,1
B002OKY0BY,1
B002ONKMGI,1
B002P5LFJI,1
B0001W2VXQ,1
B002PA1AVG,1
B0001WV0TW,1
B002PXBFCW,1
B002Q2F0V4,1
B002QTWU4W,1
B0001XXB3E,1
B000216O16,1
B0002AHT8E,1
B002RBTVC8,1
B0002G3UYU,1
B002RBTY66,1
B0002G3UZE,1
B002RGS9EY,1
B0002NYMJU,1
B0002PHEZC,1
B002RTK5L6,1
B0002UW3JO,1
B002SPSK7A,1
B002T62G9Q,1
B002TIY41C,1
B002TM5458,1
B0002VXZ3Q,1
B0002Y121K,1
B0002YB210,1
B002TMV3E4,1
B0002YB40O,1
B002TN3WK6,1
B002TN49F8,1
B002TNJLVA,1
B00032A4X8,1
B00032EGE6,1
B002UC9I3Q,1
B002UGMH9Y,1
B002UL1HWW,1
B002UL1MUY,1
B0004JQW54,1
B002UQE5BM,1
B002UT5H3E,1
B002UVNQSA,1
B002V4PF3K,1
B002VT3GXG,1
B0004LZMOY,1
B002W08W56,1
B002W5SDEQ,1
B002W9BL6Y,1
B002WD93EW,1
B002WDCDDK,1
B002WM5DXS,1
B0004M0XA6,1
B002WWLJQ8,1
B002XIEQRU,1
B002Y2QTNO,1
B002Y2QTRK,1
B002Y2QTWK,1
B002Y2SM3Y,1
B002YHU9LC,1
B002YJ6K2M,1
B0004M1J54,1
B0004MVRH4,1
B0004MXOFM,1
B0004MXOG6,1
B002YLINLG,1
B002YR7A78,1
B0005XNCRU,1
B0005XO85A,1
B0005YLN0W,1
B002ZJ3BTQ,1
B002ZJ4J7Y,1
B002ZOCEMG,1
B0005YM0UE,1
B0005YMTN2,1
B002ZOCF0M,1
B002ZOFZW2,1
B0005YN6VG,1
B0005Z6LLW,1
B002ZOKNGU,1
B002ZOKOE6,1
B002ZYYUGE,1
B0030DYEN8,1
B0005Z7IAA,1
B0005Z8NCM,1
B0005ZVGLW,1
B0030VBRIU,1
B0030VBSBG,1
B00315HJ8C,1
B0005ZXKX4,1
B00317ES2A,1
B00317ES52,1
B00317HLQA,1
B0005ZXPY8,1
B0031R5WPC,1
B0031R5Y82,1
B0031TJ0X0,1
B0031U9UDY,1
B0031UBVX6,1
B0031UMNL0,1
B0032GREV2,1
B0032GRFD4,1
B0005ZXX1S,1
B0032K0492,1
B00060055O,1
B00060MYVW,1
B00060N5OW,1
B000611RH8,1
B00068PCTK,1
B0006G1K9I,1
B0033GE6GW,1
B0006SKBOQ,1
B0033HGLTG,1
B0006SKCVI,1
B0007IQQXA,1
B0007KLJEE,1
B0033UMOG2,1
B0007LXU0E,1
B0034EDLFA,1
B0007LXU8Q,1
B0034EDMCW,1
B0035GXXDM,1
B0007SMLUM,1
B0035N3AK6,1
B0007U5J40,1
B0007UQ73W,1
B0036AWD8I,1
B0036FEB4W,1
B0036QD9VC,1
B0036R98WA,1
B0036VLZS6,1
B0008D6WBA,1
B0008IT4OM,1
B00099XNYW,1
B00099XODC,1
B00374ZKQ0,1
B00375LB76,1
B00099XOQE,1
B00099XOVO,1
B0038B1EOY,1
B00099XOWS,1
B0038QMSB2,1
B00099XOX2,1
B00099ZGFG,1
B0039KERAM,1
B0009F3PJE,1
B0039LVLS2,1
B0009F3PN0,1
B0009F3POY,1
B0039QORNS,1
B0039QOS3C,1
B0009F3QLG,1
B0009F3S78,1
B0039QW29E,1
B0009F3SA0,1
B0009F3SAK,1
B0009F3SB4,1
B0039QXWY8,1
B0039QXX88,1
B0039ZEDZG,1
B003A9Q7E6,1
B0009F3SBE,1
B003AYEHOI,1
B003BLLFYA,1
B003C1SZZ6,1
B003C1X6V4,1
B003C4YIFE,1
B0009F3SBY,1
B003CIAAR0,1
B003CIFNZO,1
B003CK0VVI,1
B0009F3SDM,1
B003D4IYYY,1
B003D4MJAY,1
B003D5LIRS,1
B0009F3SFA,1
B003DN0FTM,1
B003DU924E,1
B003DWYXPU,1
B003E1J6DY,1
B003E2M0A4,1
B003E3OTPC,1
B003E6N4Y6,1
B003EEIWY0,1
B003EXVM3O,1
B003EXVM4S,1
B003EXVM66,1
B003EXXPRK,1
B003EXXPV6,1
B003EXXPWA,1
B003FCZU7I,1
B0009H9SMU,1
B0009I6FFC,1
B003FY82YE,1
B003G1ZRTY,1
B0009PCP6S,1
B0009TN7F2,1
B003GSK4CW,1
B0009WSCQ8,1
B003GU0ENY,1
B003GVBN1A,1
B000AF0A78,1
B003H7YHUW,1
B003H83SMY,1
B003HGKO78,1
B000AY9U3O,1
B000AY9UKM,1
B003IWBI3U,1
B000AYGYA6,1
B003J9W0UC,1
B000B3DMAQ,1
B003JA5KDU,1
B003K8LZHQ,1
B003K8Q04O,1
B003KFTPNK,1
B003KL441C,1
B000B5KW8E,1
B003KLT05C,1
B003KRHDMI,1
B003KRNHZA,1
B003KWDECG,1
B000B8ZA60,1
B003KYIY6U,1
B003LJW68G,1
B003LJW6KO,1
B003LPKEMU,1
B000BEZVW2,1
B003LPKERK,1
B003LPM9S2,1
B003LPM9XM,1
B003LPMAUO,1
B000BF10I0,1
B003LTPY08,1
B000BF54MS,1
B003M7TTYG,1
B003M9ZLEG,1
B003NFHACA,1
B003NRLKRE,1
B003NRLLLE,1
B000BF54NW,1
B003O7T87C,1
B003OB0JP8,1
B000BF54O6,1
B003OB2E60,1
B003OB4BFW,1
B003OB6CGI,1
B000BIUH18,1
B003OXUMQW,1
B000BIUH1I,1
B003OZX2H6,1
B003OZYUEA,1
B003OZYVE4,1
B003P02EX8,1
B003P79DFI,1
B003P7U8JI,1
B003P7XXPE,1
B003PFWNSE,1
B003PMSTTE,1
B003PWC346,1
B003Q4TTUO,1
B003Q4TVKW,1
B000CFT76G,1
B000CMD63E,1
B003S1TNIS,1
B003SBPQ7U,1
B000CMD64S,1
B003SBRNKI,1
B003SBRQAU,1
B003SC0PV6,1
B003SGFRYW,1
B003SKR2FA,1
B003SWCYX8,1
B000CMF18W,1
B000CMH0N6,1
B000CMH0OU,1
B003TIVBSK,1
B000CMH0PY,1
B003TO9RSU,1
B000CMIYWM,1
B000CMIYZY,1
B000CMIZ12,1
B003TRL6SG,1
B003U35BQC,1
B003U9MCQI,1
B003UIFA6S,1
B003ULE0Y8,1
B003V5V5J6,1
B000CONMAO,1
B000CONMBS,1
B003V8Y892,1
B003VAM4G4,1
B003VIJI1A,1
B003VIJI38,1
B003VIL44Y,1
B003VIN0QE,1
B003VKR0HM,1
B003VQXYMQ,1
B003VTG7RC,1
B003VTGBC8,1
B003VTLR5Y,1
B003VXE46Y,1
B003VXFJX6,1
B003VXFK3U,1
B000CPCPWO,1
B003VZ7W52,1
B003WE8I32,1
B003WEC9PU,1
B000CPZSC8,1
B003WO07K4,1
B000CQ01IS,1
B000CQ01ME,1
B003X7S45U,1
B000CQBZOC,1
B003XB5LMU,1
B000CQE3KA,1
B003XDM374,1
B003XDV0WI,1
B003XFOXQ6,1
B003XJIZOS,1
B003XKF6CQ,1
B003XM0BGK,1
B000CQY378,1
B003XUE9Q0,1
B003XUL1VQ,1
B000CRIBC0,1
B003Y391DC,1
B000CROPGG,1
B003YBLF2E,1
B000CS9ZY2,1
B000CSCP1C,1
B000CSEFQ0,1
B000CSKK5A,1
B000DZDIYC,1
B003YZ3LHC,1
B000DZDJ0K,1
B003Z2N8GI,1
B000DZFMFK,1
B003Z6W32E,1
B000DZH19K,1
B003Z8NEL6,1
B000DZH1CM,1
B003ZI5U2W,1
B003ZIR8YU,1
B000DZKKMU,1
B003ZUKM64,1
B003ZXAN4C,1
B003ZXCE7G,1
B000E123N2,1
B003ZXCFQ6,1
B003ZXE80M,1
B000E1BLG2,1
B003ZXFWP2,1
B003ZXHDSQ,1
B003ZXJ9EW,1
B00401OYD4,1
B00404XC6Q,1
B004051BLS,1
B000E1BLLW,1
B0040IKA4Y,1
B0040J7HIU,1
B000E1BLV2,1
B000E1DSMC,1
B000E1FXQ6,1
B0040PX4C2,1
B000E1FY8I,1
B0040PYX90,1
B0040PYXXG,1
B0040Q0JWO,1
B0040Q0SRA,1
B0040Q0TPQ,1
B0040WG0QM,1
B00415IRQO,1
B0041CBI7C,1
B000E1FZ6Y,1
B000E23VXW,1
B0041FAC76,1
B000E3ZFBC,1
B000E46GEG,1
B0041QEM94,1
B000E48IO2,1
B004268RYE,1
B004281MR6,1
B000E48IOC,1
B0042M7PS2,1
B00433JTPC,1
B00433YTRA,1
B004342XH2,1
B004344Q4K,1
B00437EN2C,1
B000E48P40,1
B0043FC4GQ,1
B000E4ALGK,1
B000E4ALHO,1
B000E4C2LW,1
B000E4C2M6,1
B00444X8MU,1
B00444ZASK,1
B000E5SGI4,1
B000E63L6U,1
B000E63L7O,1
B000E63LBU,1
B0044QYG2E,1
B000E63LDS,1
B0044R3DNG,1
B000E63LOM,1
B000E65OF6,1
B00451ZGSG,1
B000E65OJM,1
B00455Y0VG,1
B004569XMG,1
B0045CTYNI,1
B000E65OK6,1
B0045GCTP4,1
B0045GX660,1
B000E65OKQ,1
B0045H264C,1
B000E65OQA,1
B0045RE69A,1
B0045TVL6E,1
B0045XB47Q,1
B000E671W0,1
B000E671X4,1
B0046EJ570,1
B000E67206,1
B000E67210,1
B0046H312W,1
B0046H7466,1
B0046HEB08,1
B0046HG0SY,1
B000E6727Y,1
B0046IIGJO,1
B0046IIPMW,1
B0046IIXTW,1
B0046XAL7E,1
B0047277QC,1
B004727PFK,1
B00472ESQY,1
B00472GKC4,1
B00472L3QM,1
B000E672AG,1
B00473P4X4,1
B00473TTYO,1
B00473U3R6,1
B00473X4BS,1
B00474J952,1
B000E682DC,1
B000E682EG,1
B000E682F0,1
B004770OLM,1
B004772OWE,1
B000E682M8,1
B000E682NW,1
B004776JL6,1
B000E9WB8Q,1
B0047IG6OU,1
B0047ORGWK,1
B0047YX3NG,1
B0047YYSSA,1
B0047YYT4I,1
B0047Z0QSK,1
B00480KJWC,1
B00482TD04,1
B00488N8KY,1
B0048B35HM,1
B0048IOA4W,1
B000EA0D1C,1
B00497XW8W,1
B004989EEM,1
B0049D3VYQ,1
B000EA0D1W,1
B000EA0D26,1
B0049M3J4O,1
B0049M7LES,1
B0049OPXP0,1
B0049YK20Q,1
B0049YMBKA,1
B0049YP72E,1
B000EA2DA6,1
B000ED7M6I,1
B000ED7MDQ,1
B000ED9LDU,1
B004B763OK,1
B004B9T82W,1
B004BJS1PC,1
B004BJYPCK,1
B000ED9LIU,1
B000ED9LPS,1
B004BKRLT8,1
B000EDBPP2,1
B004C9KNSE,1
B000EDBQ4C,1
B004CGC86C,1
B000EDDSE8,1
B004CWO9Y0,1
B000EDG3UE,1
B004D6042G,1
B004D6044O,1
B004DBVJRA,1
B004DC9BBU,1
B004DD7L9S,1
B004DD9M0Y,1
B000EDG4TE,1
B000EDG598,1
B004DIXU1Q,1
B000EDG5HA,1
B000EDGB2E,1
B000EDGBDI,1
B004E4FUHG,1
B004E4HUMY,1
B004ECMDXW,1
B000EDI0Y6,1
B004EDBVCU,1
B000EDK67K,1
B004ET1534,1
B004ET3TVK,1
B004ET9OIW,1
B004ET9OLY,1
B004FEHQV8,1
B000EDK6FM,1
B000EDK814,1
B000EEWZF0,1
B000EF3E4A,1
B000EF3FR6,1
B004FH0BEY,1
B004FHBRN8,1
B004G7TRMU,1
B004GU1QI0,1
B000EFHSUQ,1
B004GU3Z5M,1
B004GU7GK2,1
B004GWCO48,1
B000EGR85A,1
B004H28H2U,1
B004H3SI14,1
B004H4LPCM,1
B004H4P6DG,1
B004H4P90G,1
B004H4SEN0,1
B000EGZ9AG,1
B004HK0QD0,1
B004HK46BS,1
B004I0C6NM,1
B004I5KO9K,1
B004I8SYFI,1
B004IJK6YO,1
B004IN28BY,1
B004IN43SU,1
B000EH4XZM,1
B004IX03MK,1
B004IXYLJ6,1
B000EHIWUE,1
B004IY1MGU,1
B004JGQ15E,1
B000EHP522,1
B004JGWU8Q,1
B000EHZZL8,1
B004JM95YC,1
B004JR2KZ8,1
B004JR2SDC,1
B000EHZZUE,1
B000EICISA,1
B000EICPAG,1
B004JRXZKM,1
B000EIZ8FA,1
B000ELQNRE,1
B000EM0LVM,1
B004K4EWVK,1
B004K69OMU,1
B004KPFUCO,1
B000EM6PC6,1
B004L46ENS,1
B000EM6PS0,1
B004LL7GHO,1
B004LLAYA0,1
B004LQRNT0,1
B004LW0KXK,1
B000EM8308,1
B000EM8UFG,1
B004M120JM,1
B004M5VJ04,1
B000EM8UJ2,1
B004M8TAWU,1
B004MDQSC0,1
B004MFNGEQ,1
B000EM8UJC,1
B004MSILB6,1
B004N5FRD8,1
B004N5J5F4,1
B004N5UL3O,1
B000EMAZPO,1
B004NCL8O8,1
B004NNDDTU,1
B000EMAZRW,1
B004NNJUZG,1
B004NOZRA2,1
B004NPFX2S,1
B004NR255Y,1
B004NRLAVY,1
B004NSH6O8,1
B004NSKWMQ,1
B004O626OO,1
B004OE2NUS,1
B004OEA2AG,1
B004OEYC3Y,1
B004OHOITE,1
B004OINZZQ,1
B004OKY7TM,1
B000EMD1QO,1
B000EMD1XW,1
B004OQLIHK,1
B004OV3VG6,1
B004OV6X6Q,1
B004OVATOI,1
B004OVJ926,1
B000EMK4GO,1
B004OW342G,1
B004OZADU4,1
B004P0N328,1
B000EMK53G,1
B004P7JBZ4,1
B004PE91ES,1
B004PEGI7G,1
B004PEK9F8,1
B004PEKELM,1
B004PELXC6,1
B004PX9JPA,1
B004PYNF2W,1
B004Q6VZHQ,1
B000EMK54U,1
B000EMQFY4,1
B004R6BJ62,1
B000EMQG0W,1
B000EMUZ5Y,1
B000EPMP1S,1
B004S036E0,1
B004S07G3C,1
B004S7TZD4,1
B004SEU95U,1
B004SEUA40,1
B004SK4JX2,1
B004SKON6U,1
B004SKOPUO,1
B004T3AWRA,1
B000EPMP40,1
B004T45Z9Y,1
B000EQT4MA,1
B004TDTZE6,1
B004TES46K,1
B004TEVTJO,1
B004TGRIU6,1
B000EQT5JM,1
B004TKZ7A0,1
B000ER3E9S,1
B004TPUSU4,1
B000ER3EAM,1
B000ESJR20,1
B000ESJR2A,1
B004U49T36,1
B004U6HTEU,1
B004U7MW9G,1
B004U8R0QA,1
B000ESOV9Y,1
B004U9MKUA,1
B004UA53AI,1
B004UB9P38,1
B004UBMABM,1
B004V0NWA0,1
B004V3INB0,1
B004V3INE2,1
B000ET4SM8,1
B000ETC9II,1
B000ETVKEM,1
B004VDGXEO,1
B004VDGXG2,1
B004VDH4L0,1
B004VDH4LU,1
B000EUI7MY,1
B004VELBWC,1
B004VEWUFO,1
B000EUJLHE,1
B000EVLU9A,1
B000EVMNLY,1
B004VLV3QE,1
B004VLV46S,1
B000EVMNNC,1
B000EVMNP0,1
B004VLV6ZC,1
B000EVNWSM,1
B004VLVARG,1
B000EVNYQ2,1
B000EVOSH6,1
B000EVOSHG,1
B004VLVCGU,1
B004VLVFFI,1
B004VLVG0C,1
B000EVQ0NQ,1
B004VLVIFU,1
B000EVQ2OS,1
B004VLVIL4,1
B004VLVJB8,1
B004VLVJP4,1
B004VLVM88,1
B000EVQWJ8,1
B000EVSC1Y,1
B000EVT06K,1
B004VLVOKY,1
B004VLVP08,1
B000EVT074,1
B004VLVQ4I,1
B004VPUCZS,1
B004W55ZBI,1
B004W71CJU,1
B000EVWQZW,1
B004WX5J9I,1
B000EW0XFQ,1
B004X8T8DK,1
B000EWUO3W,1
B004X8TJP2,1
B004X8TK9W,1
B004X8TL4Q,1
B000EXMP74,1
B004XAPIOQ,1
B004XUDWW6,1
B004XUDX16,1
B004XUGORG,1
B004XY6IL4,1
B004Y18GJ8,1
B004YGQK5K,1
B000EXMP7O,1
B004YPJKBC,1
B004YV7JGE,1
B000EXWL8M,1
B000EY3OMS,1
B004YV7YH8,1
B004YV7YIM,1
B000EYPNCW,1
B004ZIEZMM,1
B004ZWK1FI,1
B004ZWRALQ,1
B004ZWV012,1
B004ZXZFU8,1
B00503DOWS,1
B00503DOY6,1
B000EZIEFO,1
B0050JSRU6,1
B000EZMRRA,1
B000EZOP0C,1
B0051JL6OY,1
B0051OEEIE,1
B0051QZM60,1
B000EZOP0W,1
B000F0C56M,1
B0051TPWG2,1
B000F0C580,1
B000F0DSB8,1
B005258AZU,1
B0052BRWIU,1
B0052BRXDY,1
B0052HV6EU,1
B000F0FZE6,1
B0052LDET6,1
B0052T6LYI,1
B000F1PR8E,1
B000F2O70W,1
B000F30MLO,1
B000F3OERW,1
B00535HCI0,1
B000F3Q6W8,1
B00542YNOI,1
B0054GGT8W,1
B0054I4LTO,1
B0054TWQ2C,1
B0054TWQ36,1
B000F3S6I0,1
B0054TWR9O,1
B00551COSU,1
B00555H0LC,1
B000F41ZFK,1
B000F4D5GC,1
B0055QVU6M,1
B00563VAD2,1
B005763JMI,1
B000F4D5IU,1
B0057651XS,1
B0057FSPNM,1
B0057JF92S,1
B0058AMZN2,1
B0058DK0X6,1
B0058EDEUG,1
B0059HN0JW,1
B000F4DKBC,1
B005AJJU48,1
B005BCHI6Q,1
B005BPVB84,1
B005BPVCVU,1
B005BPVE3G,1
B005BPVE5Y,1
B005BSR8GU,1
B005BYP7RG,1
B000F4DKC6,1
B000F4EU52,1
B005CJZVOE,1
B005CMA5J2,1
B005CP1WZ0,1
B000F4H5GI,1
B000F4ISFA,1
B000F4J75K,1
B000F4J76E,1
B005CUM8FI,1
B005CW3MB0,1
B005DVUTIO,1
B005E230UG,1
B005EKI44K,1
B005EKI6AC,1
B005EKI6ZW,1
B005EOTMA6,1
B005ER1CFG,1
B005EV2EJA,1
B005EVAYLK,1
B005EX6N2W,1
B005FC6T08,1
B005FPDEN0,1
B000F4J7WS,1
B005FQAOB4,1
B005FVCUQ6,1
B005G2FC50,1
B005G2FC82,1
B005GAORJE,1
B005GEYS94,1
B005GNXIYQ,1
B005GSHTP0,1
B005GX1K14,1
B005H8E1F0,1
B005HEEFN2,1
B005HF068O,1
B000F542AY,1
B000F6UMH0,1
B000F70OXG,1
B000F9XB5C,1
B005HOKFBS,1
B005I0JJ6I,1
B005IS7PDO,1
B005IVX0OY,1
B000F9XBIE,1
B005JD1UY8,1
B000F9Z2C2,1
B000FA38YU,1
B000FAIR46,1
B000FAIR96,1
B000FAUOI8,1
B005KRXKEQ,1
B005LIDTUY,1
B000FBKFRW,1
B000FBM54S,1
B000FDB3VW,1
B000FDBQE6,1
B005LZVYA4,1
B000FDBQFK,1
B005M4AM5M,1
B005M8GFFO,1
B005MHRB7G,1
B000FDBRGI,1
B005MWASW6,1
B005NGEP98,1
B005NUAOG2,1
B005NYXE1K,1
B005OTU3HC,1
B005OTXEVE,1
B000FDDESC,1
B000FDDETG,1
B005P0IVJM,1
B005P0S1GU,1
B005P0SM8W,1
B005P0WOZE,1
B000FDDFV8,1
B005Q4FKVO,1
B005Q8C2WK,1
B005QKH3V8,1
B000FDKRFK,1
B005SPQENY,1
B005SSO7SA,1
B005SWGGZ8,1
B005T4F98K,1
B005TBD8DQ,1
B005U1FYV4,1
B005U4RFUY,1
B005U4XNBE,1
B005V9YH18,1
B000FDKUSO,1
B000FDMLUE,1
B005VBD46U,1
B000FDMLV8,1
B000FDMLVS,1
B005VOOOQQ,1
B005VOOQGO,1
B000FDMMVM,1
B005VRNBA8,1
B000FDMMVW,1
B005W0Q2PK,1
B000FDQVLY,1
B005WUEBIA,1
B000FEFEWA,1
B000FEH6XU,1
B000FF3V06,1
B000FF9DV2,1
B005XDUA9K,1
B000FFIL60,1
B000FFIL92,1
B000FFLTEG,1
B000FFLXR4,1
B000FFPXJ8,1
B005YQ3WSM,1
B005YVU6FY,1
B005ZBZLSU,1
B000FFS926,1
B005ZBZM52,1
B005ZC39JM,1
B005ZLQOZO,1
B006045OH4,1
B000FI701Y,1
B00609WCR4,1
B000FIAWVE,1
B000FIDLNU,1
B0060KPEM8,1
B0060KPGDK,1
B0061IUIB6,1
B000FIWIWA,1
B0061IUIEI,1
B000FIXYD2,1
B000FJLXHU,1
B0061TXSMG,1
B00622FI8E,1
B0062EORXE,1
B0062Q5V32,1
B000FK63LK,1
B0063T8XCE,1
B000FK8HJQ,1
B00655V2L0,1
B000FKMNT6,1
B0067EQF9I,1
B00687ZUZY,1
B0068Z37ME,1
B0068ZWOYG,1
B0069AFIN4,1
B000FL08AG,1
B000FL5OMI,1
B000FMIMNK,1
B000FMMTHU,1
B000FMZO8G,1
B000FNB3AI,1
B006BXV176,1
B000FNCVR2,1
B000FNJO6S,1
B006FLJN6A,1
B006FX8QW0,1
B006G38S5E,1
B000FNPL6K,1
B006G7Z5WE,1
B006GBB1O6,1
B006GCMI5Q,1
B006H33U7O,1
B006H34CUS,1
B006HT4W4S,1
B006HYLUZW,1
B006IMBHVU,1
B000FNPL6U,1
B000FPM22O,1
B006JG8ALK,1
B006JMK6V6,1
B006JXYHHO,1
B006K3WY6E,1
B006M542TW,1
B000FZYMJK,1
B006N3I18Q,1
B000G0EP78,1
B006N3I4P6,1
B000G1766O,1
B000G17682,1
B006P9XEW6,1
B006V3TMUO,1
B006VC0ZYM,1
B006W720CG,1
B006WIQO1I,1
B000G176AK,1
B000G176CI,1
B006Y8B9Y8,1
B006ZI66J0,1
B0070SGNU6,1
B0071OT1KI,1
B0071QVX5W,1
B00726G37E,1
B000G18NS4,1
B0074YT37Q,1
B0075EXJBG,1
B0075G6U8S,1
B000G1EO14,1
B0076MB68U,1
B000G1EO1Y,1
B0076YVPKC,1
B0077972XU,1
B000G1EO6E,1
B0078DPDMC,1
B0078TP862,1
B000G1X45G,1
B00796KNHS,1
B007A3TBXM,1
B007B83XT4,1
B007B9EMHK,1
B007B9GTE4,1
B007B9I8NY,1
B000G32YEG,1
B007B9YQ12,1
B007C7QEUY,1
B007CD12GO,1
B000G6TNTW,1
B007D64ILG,1
B007F1MA46,1
B000G7TBLQ,1
B007FK3JS8,1
B007GPARA0,1
B007HEIWVQ,1
B007HOWZJQ,1
B000G7TBPC,1
B007HQOVBO,1
B007IS64GG,1
B007IVFAXG,1
B000GAT6NG,1
B000GAWH4G,1
B000GB0TMW,1
B007JTGO1E,1
B007KI1V8K,1
B007KPFSJ6,1
B007KTFY2S,1
B007M7V12U,1
B000GBXG2C,1
B007M8FRTW,1
B000GHJJVI,1
B007MFECAA,1
B000GHUD86,1
B007N2OSF6,1
B007NIAQZQ,1
B007NIAR0K,1
B007NIAR1Y,1
B007NIARUA,1
B007NRQ4O4,1
B007O58268,1
B000GJ4PZG,1
B000GPRNGS,1
B000GW0UGG,1
B007OSSVWU,1
B007OT23N2,1
B007OTDHDM,1
B007P5JG08,1
B007PA33KM,1
B007PA33MA,1
B000GWHFZA,1
B000GZSDW6,1
B000GZUA7W,1
B000GZUAFE,1
B007POA176,1
B007POA19O,1
B007PR47J6,1
B007R9C5AU,1
B007R9TST6,1
B007RAM52M,1
B007RAM6DA,1
B007RAM7AC,1
B000GZWDR2,1
B007SMAHI8,1
B000GZYAT6,1
B007TG65KC,1
B000H1327A,1
B000H225TU,1
B000H2405M,1
B000H25WWW,1
B007TJGZYU,1
B000H26J7E,1
B007UJIQQO,1
B007UOMP5W,1
B007VA2EOC,1
B007VCF1SQ,1
B007VCF1TA,1
B007VN10VW,1
B007WC38MG,1
B007Y3HKN6,1
B000H27PB8,1
B007YXV172,1
B000H32STQ,1
B007ZMP2M2,1
B007ZZQAKM,1
B00800525U,1
B00809A9P4,1
B0080AS25W,1
B000H7EIKO,1
B0081Q1KJU,1
B0081ZQR8K,1
B00823430K,1
B00823KZQG,1
B00826N3C6,1
B0083EMGDE,1
B0083ZZFE0,1
B0084768Y8,1
B000H7K5KQ,1
B000HBMBYK,1
B000HDCSTG,1
B008500SZY,1
B000HDHZ4E,1
B00872Q0E8,1
B0087ACTDQ,1
B000HDI5O8,1
B00886QHLO,1
B000HDJXGW,1
B000HDJXH6,1
B000HDJYWA,1
B008BLFHLM,1
B000HDJZEM,1
B008CC8XAW,1
B008EM0JMU,1
B000HDJZMO,1
B008FHUMPI,1
B008GG9ZS8,1
B008GV8GUG,1
B000HDK0D2,1
B000HDKZCS,1
B000HDL1M6,1
B000HDL1P8,1
B008IRHVGS,1
B000HDOOL6,1
B000HDOQ5U,1
B008J3EOB6,1
B000HG84DM,1
B008JA7BIM,1
B008JA7CRW,1
B008JHZ150,1
B008K9H5JW,1
B008M0C7BU,1
B008N1KH9W,1
B000HG84EQ,1
B008OUN6N6,1
B008P731LK,1
B008RJKG8M,1
B000HGA782,1
B008SV1K4S,1
B008SYVF3Q,1
B008T9SHRW,1
B000HGC96K,1
B000HIHEL8,1
B000HJRGQU,1
B008VQ59YC,1
B000HKJJEQ,1
B008YA14MG,1
B000HNF8ZW,1
B000HQL51U,1
B000HY4RL2,1
B000HYI2AO,1
B008YFWH3G,1
B008YK1U16,1
B008YQKZ3O,1
B000HZU52Q,1
B008ZRYXAI,1
B000I07884,1
B0092SQT2E,1
B0092X23VU,1
B009324C0U,1
B000I3XOPM,1
B000I5IS2E,1
B000I6625I,1
B00934S5JM,1
B000ILLX6G,1
B0093KCLQY,1
B0094IN7UE,1
B000IMSSHM,1
B000IMWNCI,1
B0095FWPZE,1
B0096MNNMK,1
B000IUOBM0,1
B0098IOL2S,1
B0098IONIU,1
B000IXUK2W,1
B00999GFRA,1
B000IZ0OB2,1
B000J0N1CK,1
B000J2DQ46,1
B009CYS3EU,1
B000J41AH4,1
B009EVD10C,1
B009GGTM30,1
B009JZRM1M,1
B009LEY3GI,1
B009LI5DW2,1
B009LT26BC,1
B009LU1Y6E,1
B009M2LWWC,1
B009M4M6NE,1
B000J41TB6,1
B000J423MK,1
B000J674BI,1
B000JJK0B6,1
B000JM646S,1
B000JMAVYO,1
B000JMBE7C,1
B000JMDH9A,1
B000JSQKL6,1
B000JZ3576,1
B009NEJX20,1
B009NT0JMS,1
B009OANVOE,1
B000JZYM8W,1
B009OY3WM6,1
B000K6Z22U,1
B000K8PNSG,1
B009RNU2EA,1
B009RNXMEW,1
B009SN84B2,1
B009UOLEXO,1
B000KELHNU,1
B009VV79XU,1
B000KENKXA,1
B009YOM470,1
B009YT5VWU,1
B009Z1ODI0,1
B009ZLYWSG,1
B000KENKYE,1
B00A2N7DUA,1
B00A3PVGS2,1
B00A4ASPVC,1
B00A4ASPWG,1
B00A4ASPXU,1
B00A5IAHMS,1
B00A64NLOM,1
B00A66RS4O,1
B00A66S0M8,1
B00A6ID6MU,1
B000KEPBBY,1
B000KFZ3LQ,1
B000KGW28M,1
B00AE229DA,1
B00AFS8L0S,1
B00AFS8LTO,1
B000KOUYGQ,1
B00AJ3OSMO,1
B00AJ4695M,1
B00AKKT7QI,1
B00AKPO042,1
B00AMC3NK0,1
B000KSRTM4,1
B00AMD65SG,1
B00AMZ9GQ2,1
B00AP7VGNI,1
B000KSTYBS,1
B00APKBFFY,1
B000KXQG64,1
B000LKTBDQ,1
B000LKTCVW,1
B00ARABK20,1
B00ARP2YGG,1
B00ASD2F8O,1
B00ASM2C4C,1
B00ASQFENO,1
B000LKTFUU,1
B00AW5P23I,1
B00AWEDP2O,1
B000LKTP9G,1
B000LKTVCC,1
B00AZIAT0I,1
B00AZL950A,1
B000LKTXMU,1
B000LKTY7Y,1
B00B18PAWI,1
B00B1OBUBC,1
B00B1OWWXC,1
B00B1OWX1S,1
B000LKU14E,1
B00B59QB8U,1
B00B59QBE4,1
B000LKU1TO,1
B00B5I1ZO6,1
B00B617XK2,1
B000LKU3UG,1
B00B7B8R38,1
B00B7NCGYM,1
B00B8DU1QQ,1
B00B8Z70AY,1
B00B93M30M,1
B000LKU4XM,1
B000LKUTUK,1
B00B9LYTT2,1
B00BCL2UK4,1
B000LKVB52,1
B000LKVDO6,1
B000LKVDUU,1
B000LKVH8S,1
B000LKVH9W,1
B00BHB0NQC,1
B00BI8CQVY,1
B00BIEU43K,1
B00BIEU5KW,1
B000LKVHOW,1
B000LKVIEG,1
B00BIEU700,1
B00BIEU71E,1
B000LKVSDM,1
B000LKVTCW,1
B00BJH5A26,1
B00BKL4KKY,1
B00BLMFL9Q,1
B00BN1U4O2,1
B000LKWVFQ,1
B00BN6BX9M,1
B000LKX01K,1
B00BOT8IBE,1
B00BP3Q4DS,1
B00BPETQXM,1
B000LKX1HI,1
B000LKXCB8,1
B000LKXEIE,1
B000LKXG64,1
B000LKXG8W,1
B00BQWU5CE,1
B00BS453CM,1
B00BSD9C5M,1
B00BSZBEAG,1
B000LKXGFU,1
B00BTZT1Q4,1
B00BXFIOUO,1
B00BXGB4F0,1
B00BXR3WLS,1
B00BYNDPNG,1
B000LKYY7O,1
B000LKZ3GA,1
B000LKZ3I8,1
B00C3JBFZU,1
B00C3YA8JE,1
B000LKZ9IC,1
B000LKZ9WS,1
B00C87914E,1
B000LKZEO6,1
B00CBHR1NY,1
B00CCXMBC8,1
B00CDK1OZU,1
B00CEKCSNG,1
B000LKZI60,1
B00CIVYCL2,1
B000LKZK7C,1
B00CJXJZUW,1
B00CJXK006,1
B000LL0RC4,1
B00CJXP4JI,1
B00CLFFV1A,1
B00CLLV1BS,1
B00CMQDKES,1
B00CMQE1QY,1
B00CO32CM0,1
B00CSS40LW,1
B000LL0ZIK,1
B00CTLAICI,1
B00CTLALFM,1
B000LQLV3S,1
B000LQLV7E,1
B000LTLJU0,1
B000M2UNG2,1
B00CWTZ6GU,1
B000M7OWKK,1
B00D9RRYSM,1
B00D9RRZ3Q,1
B00DBSFXTQ,1
B000MAK3R8,1
B00DBSG2NC,1
B000MANI4S,1
B00DBSG3K4,1
B000MGWEZQ,1
B000MIT2OK,1
B000MRUS08,1
B000MVIGSK,1
B000MXGMCK,1
B000N30EC8,1
B00DF0KXYK,1
B000NB3VFM,1
B00DHFJYQQ,1
B000NINEXY,1
B000NMCEJK,1
B00DRA8HWI,1
B000NMCQ7A,1
B000NME0BU,1
B000NNCMG4,1
B000NWYKG0,1
B000NY6Q0G,1
B000NYFBCA,1
B00E0VQIGU,1
B00E0WB292,1
B000OA75QS,1
B00E3QNH7U,1
B000ODTOC8,1
B000OEAGG0,1
B000OIMSL2,1
B00EKL415U,1
B000OIXE4C,1
B00ENBP2VE,1
B000OMJWXU,1
B000OQ4A3S,1
B000OU5EFW,1
B000OZP7CM,1
B00ESI96SW,1
B00F48V3TA,1
B000P09RJ0,1
B00F6MFXCW,1
B00F737AI0,1
B00F9VCQ2A,1
B000P0QHMK,1
B00FBPHFHA,1
B00FMBL4Z2,1
B000P0VRW0,1
B00FQGP20Q,1
B00FU1YVDQ,1
B000PDWBKO,1
B00G6A5LFC,1
B00G7SFPL8,1
B000PFEWEA,1
B00GLP9JB4,1
B00GLP9JI2,1
B00GLP9PY0,1
B000PGQQFC,1
B00GRNUELO,1
B00GW3KSPQ,1
B000PILF24,1
B00H727J6M,1
B00H727LVA,1
B00H727M8M,1
B00H727M96,1
B00H727T58,1
B00H727UU2,1
B00H727WVY,1
B00H889MGK,1
B000PIMS16,1
B00HES9CMS,1
B000PVX84E,1
B000PW05MQ,1
B00HO22M2G,1
B00HXIXWKM,1
B000PWYIOW,1
B000Q4CA3U,1
B00ISVHJ3Y,1
B00JL6LTMW,1
B00KCJRVO2,1
